Unnamed: 0,user_id,latitude,longitude,distance,airport_id,ident,type,name,latitude_deg,longitude_deg,elevation_ft,continent,iso_country,iso_region,municipality,scheduled_service,gps_code,iata_code,local_code,home_link,wikipedia_link,keywords
6598,500,68.20253682285977,130.44161182607976,45.69267894281984,314969,UEBS,small_airport,Sakkyryr Airport,67.792,130.394,1686.0,EU,RU,RU-SA,Batagay-Alyta,yes,UEBS,SUK,,,https://en.wikipedia.org/wiki/Sakkyryr_Airport,"УЕБС, Саккырыр, Батагаы-Алыта"
12828,83016,36.39027719856313,-113.69107332505192,43.72604967229259,8774,1Z1,small_airport,Grand Canyon Bar Ten Airstrip,36.258614,-113.231159,4100.0,,US,US-AZ,Littlefield,no,,GCT,1Z1,,https://en.wikipedia.org/wiki/Grand_Canyon_Bar_10_Airport,Webbs Ranch
32779,83660,51.72388172490496,-4.90080657623995,7.158394898582512,302248,bl,closed,RNAS Pembroke/RNAS Milton/RAF Carew Cheriton,51.690117088,-4.812355041499999,,,GB,GB-ENG,Pembrokeshire,no,,,,,https://en.wikipedia.org/wiki/RAF_Carew_Cheriton,
6851,33502,46.15901878887653,-66.72652426138447,16.934254412181243,756,CCG3,small_airport,Weyman Airpark,46.03749847412109,-66.85890197753906,140.0,,CA,CA-NB,Burtt's Corner,no,CCG3,,CCG3,,https://en.wikipedia.org/wiki/Weyman_Airpark,CG3
93949,84403,61.05825605385556,23.21302266816504,32.36665477168409,27264,EFOP,small_airport,Oripää Airfield,60.8764,22.744699,331.0,EU,FI,FI-19,Oripää,no,EFOP,,,,https://en.wikipedia.org/wiki/Orip%C3%A4%C3%A4_Airfield,
70324,47859,56.168693695700334,-6.185719688203577,54.30915413572394,2463,EGPI,medium_airport,Islay Airport,55.68190002441406,-6.256669998168945,56.0,EU,GB,GB-SCT,Port Ellen,yes,EGPI,ILY,,,https://en.wikipedia.org/wiki/Islay_Airport,Glenegedale
91870,76784,15.505497689156709,-87.4760351932815,30.067375665522544,4665,MHTE,medium_airport,Tela Airport,15.7759,-87.4758,7.0,,HN,HN-AT,Tela,no,MHTE,TEA,,,https://en.wikipedia.org/wiki/Tela_Airport,
73675,51034,46.66690930170295,8.972309060357249,27.58430554393045,4500,LSPM,small_airport,Ambri Airport,46.512501,8.68978,3241.0,EU,CH,CH-TI,Quinto,no,LSPM,,,https://www.ambri-airport.com/,https://en.wikipedia.org/wiki/Ambri_Airport,
42761,47025,65.52735175659112,35.79508377300823,55.37762020577319,42918,ULAS,small_airport,Solovki Airport,65.0299987793,35.7333335876,60.0,EU,RU,RU-ARK,Solovetsky Islands,yes,ULAS,CSH,,,https://en.wikipedia.org/wiki/Solovki_Airport,"Аэропорт Соловки, УЛАС"
73585,92383,-16.00560439237017,168.2319517280955,16.8360020256813,31836,NVSO,small_airport,Lonorore Airport,-15.8655996323,168.17199707,43.0,OC,VU,VU-PAM,Lonorore,yes,NVSO,LNE,,,https://en.wikipedia.org/wiki/Lonorore_Airport,Pentecost Island
71194,86571,51.9830756265616,-2.049225254793397,6.397756908084225,29107,EGBC,heliport,Cheltenham Racecourse Heliport,51.925626,-2.054351,213.0,EU,GB,GB-ENG,Cheltenham,no,EGBC,,,,https://en.wikipedia.org/wiki/Cheltenham_Racecourse_Heliport,
89348,63252,15.188156162800311,-83.73450577455719,9.6375985059156,32153,MHPL,small_airport,Puerto Lempira Airport,15.2622,-83.781197,33.0,,HN,HN-GD,Puerto Lempira,yes,MHPL,PEU,,,https://en.wikipedia.org/wiki/Puerto_Lempira_Airport,
99947,99749,51.715589146334665,-1.796343738628048,3.738004956122396,2492,EGVA,medium_airport,RAF Fairford,51.682201,-1.79003,286.0,EU,GB,GB-ENG,Fairford,no,EGVA,FFD,,,https://en.wikipedia.org/wiki/RAF_Fairford,
88520,63020,39.64059404721903,-84.29679540124609,8.416639274930853,20502,KMGY,small_airport,Dayton-Wright Brothers Airport,39.5890007019,-84.224899292,957.0,,US,US-OH,Dayton,no,KMGY,MGY,MGY,http://www.flydayton.com/?page=wright-brothers-airport-2,https://en.wikipedia.org/wiki/Dayton%E2%80%93Wright_Brothers_Airport,
74433,40397,41.15713166662977,-85.7724492209166,35.76498902970905,20917,KRCR,small_airport,Fulton County Airport,41.0656013489,-86.18170166019999,790.0,,US,US-IN,Rochester,no,KRCR,RCR,RCR,,https://en.wikipedia.org/wiki/Fulton_County_Airport_(Indiana),
89589,44407,-12.976575376348752,32.161691074483485,39.74551010996373,2895,FLMF,medium_airport,Mfuwe Airport,-13.258899688720703,31.936599731445312,1853.0,AF,ZM,ZM-03,Mfuwe,yes,FLMF,MFU,,,https://en.wikipedia.org/wiki/Mfuwe_Airport,
79246,59474,35.141676383602714,126.46305413379888,18.235437989523607,302303,RKJB,large_airport,Muan International Airport,34.991406,126.382814,35.0,AS,KR,KR-46,Piseo-ri (Muan),yes,RKJB,MWX,,http://muan.airport.co.kr/doc/muan_eng/,https://en.wikipedia.org/wiki/Muan_International_Airport,"Gwangju, Mokpo, Muan, MWX, RKJB"
91851,22821,40.37599248317811,21.91607422456349,11.858769749374613,4269,LGKZ,medium_airport,Kozani State Airport Filippos,40.286098,21.840799,2059.0,EU,GR,GR-58,Kozani,yes,LGKZ,KZI,,,https://en.wikipedia.org/wiki/Kozani_National_Airport_%26quot%3BFilippos%26quot%3B,
91295,23827,49.305257847621405,15.394977651196314,34.32325242718971,29940,LKHB,small_airport,Havlíčkův Brod Airport,49.597198486328,15.549200057983,1519.0,EU,CZ,CZ-VY,Havlíčkův Brod,no,LKHB,,,,https://en.wikipedia.org/wiki/Havl%C3%AD%C4%8Dk%C5%AFv_Brod_Airport,
96879,67705,-2.5228756589615107,-47.257693125802206,55.63957969776646,37068,SNEB,small_airport,Nagib Demachki Airport,-3.019798,-47.316474,443.0,SA,BR,BR-PA,Paragominas,yes,SNEB,JPE,PA0018,,https://en.wikipedia.org/wiki/Paragominas_Airport,
56921,70778,45.426773248264176,36.47271763542374,17.909467909763126,44310,UA-0019,closed,Bagerovo Air Base,45.407001,36.244999,,EU,UA,UA-43,Bagerovo,no,,,,,https://en.wikipedia.org/wiki/Baherove_(air_base),"Аэродром Багерово, Bagarovo, Baherove"
29533,23027,37.29693754404268,-103.9625012692736,33.74831817313157,21176,KTAD,small_airport,Perry Stokes Airport,37.2593994141,-104.341003418,5762.0,,US,US-CO,Trinidad,no,KTAD,TAD,TAD,,https://en.wikipedia.org/wiki/Perry_Stokes_Airport,
62522,64568,55.974828540726506,-60.74281509439937,28.31928165274628,1308,CNH2,small_airport,Natuashish Airport,55.913898,-61.184399,30.0,,CA,CA-NL,Natuashish,yes,CNH2,YNP,CNH2,,https://en.wikipedia.org/wiki/Natuashish_Airport,NH2
84858,42944,51.18855302377993,3.4870141396571213,19.96023324220477,29038,EBKW,heliport,Westkapelle heliport,51.321655,3.294568,10.0,EU,BE,BE-VWV,Knokke-Heist,no,EBKW,,,,https://en.wikipedia.org/wiki/Knokke-Heist/Westkapelle_Heliport,
45247,16296,24.91817782781288,-81.36279785615932,37.99764771756871,20564,KMTH,medium_airport,The Florida Keys Marathon Airport,24.726101,-81.051399,5.0,,US,US-FL,Marathon,no,KMTH,MTH,MTH,http://marathonga.com/,https://en.wikipedia.org/wiki/Florida_Keys_Marathon_Airport,
5568,95503,9.676403905507089,123.37769234992297,39.046732475411495,5735,RPVD,medium_airport,Sibulan Airport,9.3337097168,123.300003052,15.0,AS,PH,PH-NER,Dumaguete City,yes,RPVD,DGT,,,https://en.wikipedia.org/wiki/Sibulan_Airport,
54865,82705,52.51657751011712,0.3700925606709715,12.10408795093071,307893,GB-0082,closed,RAF Methold,52.5119377023,0.548801422119,,EU,GB,GB-ENG,,no,,,,,https://en.wikipedia.org/wiki/RAF_Methwold,
51426,73558,59.99282972258811,-108.30311718751533,48.99492670280845,1671,CYBE,medium_airport,Uranium City Airport,59.5614013671875,-108.4810028076172,1044.0,,CA,CA-SK,Uranium City,yes,CYBE,YBE,,,https://en.wikipedia.org/wiki/Uranium_City_Airport,
86121,67028,48.09899296950836,-83.2194584714522,32.4372735276778,1799,CYLD,medium_airport,Chapleau Airport,47.81999969482422,-83.3467025756836,1470.0,,CA,CA-ON,Chapleau,no,CYLD,YLD,,,https://en.wikipedia.org/wiki/Chapleau_Airport,
6349,94917,45.44696279922196,-122.47605120537958,9.395084350194846,12102,56OR,heliport,Mount Hood Medical Center Heliport,45.515936687,-122.406449318,338.0,,US,US-OR,Gresham,no,56OR,,56OR,,https://en.wikipedia.org/wiki/Mount_Hood_Medical_Center_Heliport,
61954,71698,52.14603903750949,8.746302560768125,24.433104522840345,2242,EDLI,small_airport,Bielefeld Airport,51.964722,8.544444,454.0,EU,DE,DE-NW,Bielefeld,no,EDLI,BFE,,http://www.flugplatz-bielefeld.de/,http://de.wikipedia.org/wiki/Flugplatz_Bielefeld,Flugplatz-Windelsbleiche
43531,35610,54.00658688271614,143.05858950807354,55.62266723860609,35126,UHSH,small_airport,Okha Airport,53.517656,142.879772,115.0,EU,RU,RU-SAK,Okha,no,UHSH,OHH,,,https://en.wikipedia.org/wiki/Okha_Airport,"Novostroyka Airport, Аэропóрт Охá"
61404,24361,49.28780577465304,6.2902855219736304,34.1107719321309,4120,LFJL,medium_airport,Metz-Nancy-Lorraine Airport,48.9821014404,6.25131988525,870.0,EU,FR,FR-GES,Metz / Nancy,yes,LFJL,ETZ,,,https://en.wikipedia.org/wiki/Metz-Nancy-Lorraine_Airport,
51700,30012,43.81874366343884,-79.45343942006554,6.410849754096033,298660,CA-0489,closed,Willowdale Airfield,43.7652210059,-79.4237494469,,,CA,CA-ON,Toronto,no,,,,,https://en.wikipedia.org/wiki/Willowdale_Airfield,
85843,16870,49.51787762189791,7.130528798283985,9.7855960122972,308863,DE-0070,small_airport,Marpingen Glider Airfield,49.453,7.039,1155.0,EU,DE,DE-SL,Marpingen,no,,,,,http://de.wikipedia.org/wiki/Segelfluggel%C3%A4nde_Marpingen,Segelfluggelände Marpingen
39067,82445,15.214535005299767,-91.04724839218332,25.085310850863404,30649,MGQC,small_airport,Quiché Airport,15.0122,-91.150597,6631.0,,GT,GT-QC,Santa Cruz del Quiché,no,MGQC,AQB,,,https://en.wikipedia.org/wiki/Quich%C3%A9_Airport,
86575,90242,52.30270355467815,-87.72554955509851,18.53618427798911,1800,CYLH,medium_airport,Lansdowne House Airport,52.19559860229492,-87.93419647216797,834.0,,CA,CA-ON,Lansdowne House,yes,CYLH,YLH,,,https://en.wikipedia.org/wiki/Lansdowne_House_Airport,
26569,18348,34.98525875503823,-89.70225845339553,7.746049367085456,20742,KOLV,small_airport,Olive Branch Airport,34.9786987305,-89.78690338130001,402.0,,US,US-MS,Olive Branch,no,KOLV,OLV,OLV,,https://en.wikipedia.org/wiki/Olive_Branch_Airport,
79644,13387,25.87890496575988,131.62191302459874,30.390277456249898,5679,RORK,medium_airport,Kitadaito Airport,25.9447002411,131.32699585,80.0,AS,JP,JP-47,Kitadaitōjima,yes,RORK,KTD,,,https://en.wikipedia.org/wiki/Kitadaito_Airport,
39532,7594,50.26667032158579,22.189680818539685,20.581021066514413,30360,EPRJ,small_airport,Rzeszów Sports Airfield,50.105301,22.0481,655.0,EU,PL,PL-PK,Rzeszów,no,EPRJ,,,https://okl.prz.edu.pl/lotnisko,https://pl.wikipedia.org/wiki/Lotnisko_Rzeszów,"OKL Rzeszow, Aeroklub Rzeszowski, Politechnika Rzeszowska,"
21313,1752,11.13172076010541,107.22675434061291,44.58685557561956,342100,VN-0018,closed,Long Thanh International Airport (under construction),10.7725,107.045278,249.0,AS,VN,VN-39,Ho Chi Minh City (Long Thanh),no,,,,,https://en.wikipedia.org/wiki/Long_Thanh_International_Airport,
6011,88831,45.31644307605937,-112.09251156834968,29.095178903771977,19076,K7S1,small_airport,Ruby Valley Field,45.533702,-112.300283,4777.0,,US,US-MT,Twin Bridges,no,KRVF,,RVF,https://rubyvalleyaviation.com/,https://en.wikipedia.org/wiki/Twin_Bridges_Airport_(Montana),7S1
72659,97574,-28.485549611665604,153.94433334286543,53.77789322101544,26920,YBNA,medium_airport,Ballina Byron Gateway Airport,-28.8339004517,153.56199646,7.0,OC,AU,AU-NSW,Ballina,yes,YBNA,BNK,,,https://en.wikipedia.org/wiki/Ballina_Airport,
15901,69537,-15.518709277722769,168.56295516095713,44.35712038474664,35161,NVSH,small_airport,Sara Airport,-15.4708003998,168.151992798,493.0,OC,VU,VU-PAM,Pentecost Island,yes,NVSH,SSR,,,https://en.wikipedia.org/wiki/Sara_Airport,
11622,41282,19.26257725082605,101.08220639338283,48.63388436192998,317828,VLXL,small_airport,Xienglom Airport,19.6203,100.815332,1830.0,AS,LA,LA-BK,Xienglom,no,VLXL,XIE,,,https://pl.wikipedia.org/wiki/Port_lotniczy_Xienglom,
98266,57442,38.829041892110375,-90.59543882483251,19.200038420197068,3907,KSUS,medium_airport,Spirit of St Louis Airport,38.662102,-90.652,463.0,,US,US-MO,St Louis,no,KSUS,SUS,SUS,http://spiritairport.com/spiritairport/index.jsp,https://en.wikipedia.org/wiki/Spirit_of_St._Louis_Airport,
84305,26840,55.58607920333247,124.9165034670138,34.670243824517264,32490,UHBW,small_airport,Tynda Airport,55.284199,124.778999,2001.0,EU,RU,RU-AMU,Tynda,no,UHBW,TYD,,,https://en.wikipedia.org/wiki/Tynda_Airport,Sigikta Airport
80912,14008,49.62721296632523,22.249265347337417,6.660161416165126,319899,PL-0084,heliport,Sanok Heliport,49.575593,22.20239,919.0,EU,PL,PL-PK,,no,EPSA,,,,https://pl.wikipedia.org/wiki/L%C4%85dowisko_Sanok-Baza,Sanok Helicopter Emergency Medical Service
43251,16280,34.30813855369807,-80.91603721100053,32.37121214489155,19473,KCDN,small_airport,Woodward Field,34.2835998535,-80.56490325930001,302.0,,US,US-SC,Camden,no,KCDN,CDN,CDN,,https://en.wikipedia.org/wiki/Woodward_Field_(airport),
45191,67469,35.386992018382514,-111.40145272559992,36.910429468732296,3530,KFLG,medium_airport,Flagstaff Pulliam International Airport,35.1385,-111.670998,7014.0,,US,US-AZ,Flagstaff,yes,KFLG,FLG,FLG,,https://en.wikipedia.org/wiki/Flagstaff_Pulliam_Airport,
77464,92899,4.12185150172385,116.18555154799137,59.90977372875063,35279,WRLB,small_airport,Long Bawan Airport,3.9028,115.6921,3165.0,AS,ID,ID-KU,Long Bawan-Borneo Island,yes,WALB,LBW,,,https://en.wikipedia.org/wiki/Long_Bawan_Airport,"WRLB, Juvai Semaring Airport, Yuvai Semaring, Long Bawang"
33090,93560,36.53475791974292,114.81652839850258,34.94738274921852,300860,ZBHD,medium_airport,Handan Airport,36.525833,114.425556,229.0,AS,CN,CN-13,Handan,yes,ZBHD,HDG,,,https://en.wikipedia.org/wiki/Handan_Airport,
55334,26796,39.77887074172031,-78.36612477600161,38.3565387077146,19462,KCBE,small_airport,Greater Cumberland Regional Airport,39.615398407,-78.7609024048,775.0,,US,US-MD,Cumberland,no,KCBE,CBE,CBE,,https://en.wikipedia.org/wiki/Greater_Cumberland_Regional_Airport,Wiley Ford
7413,53706,5.720094187676241,26.403184024790228,36.36970685598079,46207,FEFB,small_airport,Poste Airport,5.403889,26.487222,2137.0,AF,CF,CF-HM,Obo,no,FEFB,,,,https://en.wikipedia.org/wiki/Poste_Airport,
68895,45321,-13.846823980220828,-171.52790800729147,22.88509219979407,31127,NSFI,closed,Fagali'i Airport,-13.849167,-171.739866,131.0,OC,WS,WS-TU,Apia,no,NSFI,FGI,,,https://en.wikipedia.org/wiki/Fagali'i_Airport,
45984,43476,52.91264394456538,1.4798046136152414,8.300203594706883,307936,GB-0105,closed,RAF Bacton,52.838,1.479,,EU,GB,GB-ENG,Norfolk,no,,,,,https://en.wikipedia.org/wiki/RAF_Bacton,
37198,44211,54.960106071049154,-94.19989808147416,15.472777047280609,2020,CZGI,medium_airport,Gods River Airport,54.83969879150391,-94.07859802246094,627.0,,CA,CA-MB,Gods River,yes,CZGI,ZGI,,,https://en.wikipedia.org/wiki/Gods_River_Airport,
96328,70525,-4.9721445583760655,-37.23915387447031,29.067457925632947,5944,SBMS,medium_airport,Dix-Sept Rosado Airport,-5.20192,-37.3643,76.0,SA,BR,BR-RN,Mossoró,yes,SBMS,MVF,RN0002,,https://en.wikipedia.org/wiki/Mossor%C3%B3_Airport,Mossoró Airport
31560,62314,55.38141537268894,86.166469734747,12.93314401829848,6505,UNEE,medium_airport,Kemerovo Airport,55.27009963989258,86.1072006225586,863.0,AS,RU,RU-KEM,Kemerovo,yes,UNEE,KEJ,,,https://en.wikipedia.org/wiki/Kemerovo_Airport,
5155,97975,15.46826361837314,76.86224918963377,34.03743488132367,26604,VOBI,medium_airport,Bellary Airport,15.162799835205078,76.88279724121094,30.0,AS,IN,IN-KA,Bellary,no,VOBI,BEP,,,https://en.wikipedia.org/wiki/Bellary_Airport,"Jindal Vijayanagar, Vijaynagar"
56621,6559,38.54327354560817,-122.71305487659686,9.493191662021738,21114,KSTS,medium_airport,Charles M. Schulz Sonoma County Airport,38.50899887,-122.8130035,128.0,,US,US-CA,Santa Rosa,yes,KSTS,STS,STS,http://www.sonomacountyairport.org/,https://en.wikipedia.org/wiki/Charles_M._Schulz_-_Sonoma_County_Airport,
99474,73135,50.25736619120951,-5.632026343015092,16.4915862844885,29144,EGHK,closed,Penzance Heliport,50.128101,-5.51845,14.0,EU,GB,GB-ENG,Penzance,no,EGHK,PZE,,http://www.brit-int.co.uk/Penzanceheliport.html,https://en.wikipedia.org/wiki/Penzance_Heliport,
20358,10852,33.93612313058694,-112.12688433838876,18.931687008124086,23963,P48,small_airport,Pleasant Valley Airport,33.800598,-112.250999,1580.0,,US,US-AZ,Peoria,no,,,P48,,https://en.wikipedia.org/wiki/Pleasant_Valley_Airport,AZ05
74772,11325,46.14401926170917,-77.2682794079372,20.647435631617988,1412,CPH2,small_airport,Rolph Airport,46.11669921875,-77.5333023071289,490.0,,CA,CA-ON,Deep River,no,CPH2,,CPH2,,https://en.wikipedia.org/wiki/Deep_River/Rolph_Airport,PH2
8891,678,45.89895805617111,-120.49938861080334,31.79314043969627,8644,1S8,small_airport,Arlington Municipal Airport,45.722683,-120.176418,890.0,,US,US-OR,Arlington,no,,,1S8,,https://en.wikipedia.org/wiki/Arlington_Municipal_Airport_(Oregon),
94663,27954,34.84607883902053,-82.47982131765318,11.848785491464945,19963,KGMU,medium_airport,Greenville Downtown Airport,34.8479003906,-82.34999847410002,1048.0,,US,US-SC,Greenville,no,KGMU,GMU,GMU,http://www.greenvilledowntownairport.com/,https://en.wikipedia.org/wiki/Greenville_Downtown_Airport,
62467,26651,30.415517788488856,-81.46117897824634,4.428628798146685,20652,KNRB,medium_airport,Naval Station Mayport (Admiral David L. Mcdonald Field),30.39109993,-81.42469788,15.0,,US,US-FL,Mayport,no,KNRB,NRB,NRB,http://www.cnic.navy.mil/regions/cnrse/installations/ns_mayport.html,https://en.wikipedia.org/wiki/Naval_Station_Mayport,
25755,30231,-2.462164306036238,37.66129550073637,49.69539507987921,28481,HKAM,medium_airport,Amboseli Airport,-2.645050048828125,37.25310134887695,3755.0,AF,KE,KE-700,Amboseli National Park,yes,HKAM,ASV,,,https://en.wikipedia.org/wiki/Amboseli_Airport,Maasai Amboseli Game Reserve
59366,38968,39.12008560495409,-123.32131226556454,10.399763703900062,3941,KUKI,medium_airport,Ukiah Municipal Airport,39.125999450684,-123.20099639893,614.0,,US,US-CA,Ukiah,no,KUKI,UKI,UKI,http://www.cityofukiah.com/ukiah-airport/,https://en.wikipedia.org/wiki/Ukiah_Municipal_Airport,
36134,97772,54.95200681314706,40.32301038069315,53.30171615946727,32242,UUWR,small_airport,Turlatovo Airport,54.55590057373047,39.855201721191406,502.0,EU,RU,RU-RYA,Ryazan,no,UUWR,RZN,,,https://en.wikipedia.org/wiki/Turlatovo_Airport,Аэропорт Турлатово
17944,1450,67.0590020734418,25.956633601316444,46.997965376369216,2346,EFSO,medium_airport,Sodankyla Airport,67.3949966431,26.6191005707,602.0,EU,FI,FI-10,Sodankyla,no,EFSO,SOT,,,https://en.wikipedia.org/wiki/Sodankyl%C3%A4_Airfield,
86381,59787,27.02880833433869,110.75509525634578,27.22140572115312,327446,ZGSY,medium_airport,Shaoyang Wugang Airport,26.806123,110.641042,1444.0,AS,CN,CN-43,Shaoyang,yes,ZGSY,WGN,,,https://en.wikipedia.org/wiki/Shaoyang_Wugang_Airport,
36775,17367,5.662666753588859,-53.634612513661466,48.54291820169578,31803,SOOM,small_airport,Saint-Laurent-du-Maroni Airport,5.48306,-54.034401,16.0,SA,GF,GF-SL,Saint-Laurent-du-Maroni,yes,SOOM,LDX,,,https://en.wikipedia.org/wiki/Saint-Laurent-du-Maroni_Airport,
68132,16746,36.85612065132162,-119.63569452639294,11.51780814374312,3524,KFAT,medium_airport,Fresno Yosemite International Airport,36.776199,-119.718002,336.0,,US,US-CA,Fresno,yes,KFAT,FAT,FAT,https://flyfresno.com/,https://en.wikipedia.org/wiki/Fresno_Yosemite_International_Airport,
97031,86384,-8.775481799734075,153.12739353441268,53.96984793232589,307735,GAZ,small_airport,Guasopa Airport,-9.225918,152.944352,10.0,OC,PG,PG-MBA,Woodlark (Muyua) Island,no,AYGJ,GAZ,GPA,,https://en.wikipedia.org/wiki/Guasopa_Airport,"Woodlark Airfield, Narewa Airfield"
48068,59279,49.63586846750712,-96.3476195365487,25.774525731063115,1049,CJB3,small_airport,Steinbach Airport,49.54940032958984,-96.6793975830078,850.0,,CA,CA-MB,Steinbach,no,CJB3,,CJB3,,https://en.wikipedia.org/wiki/Steinbach_Airport,JB3
79001,94214,44.84202313615193,-121.10271501495424,19.54675833346889,21001,KS33,small_airport,Madras Municipal Airport,44.67020035,-121.1549988,2437.0,,US,US-OR,Madras,no,KS33,MDJ,S33,,https://en.wikipedia.org/wiki/Madras_Municipal_Airport,City-County Airport
18500,99486,52.20445872136191,-4.407681700489294,14.210947685842216,2413,EGFA,small_airport,Aberporth Airport,52.1152992249,-4.556940078739999,428.0,EU,GB,GB-WLS,Aberporth,no,EGFA,,,http://www.wwaa.co.uk/,https://en.wikipedia.org/wiki/Aberporth_Airport,RAF Blaenanerch
54322,95955,48.72117520182097,-53.61029589264229,54.7598059086006,794,CCZ3,small_airport,Clarenville Airport,48.27470016479492,-53.92390060424805,199.0,,CA,CA-NL,Clarenville,no,CCZ3,,CCZ3,,https://en.wikipedia.org/wiki/Clarenville_Airport,CZ3
99534,62329,14.889089978545714,79.95341435903414,21.73650446155749,340133,IN-0132,closed,Nellore Airport,14.69388,79.94277,,AS,IN,IN-AP,Dagadarthi,no,,,,,https://en.wikipedia.org/wiki/Nellore_Airport,
27802,93556,-20.32415020222808,-68.29316753486809,62.44589597783829,6028,SCKP,small_airport,Coposa Airport,-20.7505,-68.683502,12468.0,SA,CL,CL-TA,Pica,no,SCKP,CPP,,,https://en.wikipedia.org/wiki/Coposa_Airport,
9613,13833,35.73173726624549,-100.93687859321328,41.41132052074145,19370,KBGD,small_airport,Hutchinson County Airport,35.700901031499995,-101.393997192,3055.0,,US,US-TX,Borger,no,KBGD,BGD,BGD,http://www.hutchinsoncountyairport.com/,https://en.wikipedia.org/wiki/Hutchinson_County_Airport,
99312,61036,54.63682212662376,56.04278292636548,13.980353690810215,26411,UWUU,large_airport,Ufa International Airport,54.557498931885,55.874401092529,449.0,EU,RU,RU-BA,Ufa,yes,UWUU,UFA,,http://www.airportufa.ru/en/,https://en.wikipedia.org/wiki/Ufa_International_Airport,Международный аэропорт Уфа
81398,14232,51.38843154823631,0.2856473466595208,15.380111541743265,316475,EGKM,closed,RAF West Malling,51.27,0.4,308.0,EU,GB,GB-ENG,West Malling,no,EGKM,WEM,,,https://en.wikipedia.org/wiki/RAF_West_Malling,"Maidstone Airport, Kingshill, Kings Hill"
40653,56402,54.49964340552398,25.335850377631644,15.295286925042165,2766,EYVI,large_airport,Vilnius International Airport,54.634102,25.285801,648.0,EU,LT,LT-VL,Vilnius,yes,EYVI,VNO,,http://www.vilnius-airport.lt/en/,https://en.wikipedia.org/wiki/Vilnius_International_Airport,
50833,5459,47.14303981369255,-113.69729098045164,39.06532598610437,3708,KMSO,medium_airport,Missoula International Airport,46.91630173,-114.0910034,3206.0,,US,US-MT,Missoula,yes,KMSO,MSO,MSO,,https://en.wikipedia.org/wiki/Missoula_International_Airport,
30833,34274,24.642371146915465,118.847031971831,31.10261354806621,31705,ZSQZ,medium_airport,Quanzhou Jinjiang International Airport,24.7964,118.589996,,AS,CN,CN-35,Quanzhou,yes,ZSQZ,JJN,,,https://en.wikipedia.org/wiki/Quanzhou_Jinjiang_International_Airport,"Jinjiang Air Base, Chin Chiang, Qingyang"
83491,53122,12.53197690991811,4.71564458074127,38.01468057787996,313797,NG-0005,small_airport,Srr Ahmadu Bello International Airport,12.480556,4.369445,775.0,AF,NG,NG-KE,Birinin Kebbi,yes,DNBK,,,,https://en.wikipedia.org/wiki/Kebbi_International_Airport#Airlines_and_destinations,Kebbi International Airport
97065,97625,76.92004722193167,-82.70030645932555,55.18451149309792,1754,CYGZ,medium_airport,Grise Fiord Airport,76.4261016846,-82.90920257570001,146.0,,CA,CA-NU,Grise Fiord,yes,CYGZ,YGZ,,,https://en.wikipedia.org/wiki/Grise_Fiord_Airport,
34494,55503,44.34754484622347,-77.16051871951557,18.58768185685968,1460,CPU6,small_airport,Tyendinaga Mohawk Airport,44.18470001220703,-77.10780334472656,260.0,,CA,CA-ON,Tyendinaga,no,CPU6,,CPU6,,https://en.wikipedia.org/wiki/Tyendinaga_(Mohawk)_Airport,"PU6, Deseronto Airport, Napanee"
57437,21157,40.98409162014461,-123.43202560644627,20.850762604189068,23486,O21,small_airport,Hoopa Airport,41.04290008544922,-123.66799926757812,356.0,,US,US-CA,Hoopa,no,O21,,O21,,https://en.wikipedia.org/wiki/Hoopa_Airport,
32865,41898,43.6419788791199,132.45034564056746,36.60968791081029,6462,UHWW,large_airport,Vladivostok International Airport,43.396256,132.148155,59.0,EU,RU,RU-PRI,Artyom,yes,UHWW,VVO,,http://www.vladivostokavia.ru/en/airport/,https://en.wikipedia.org/wiki/Vladivostok_International_Airport,Vladivostok-Knevichi Airport
37364,72593,-24.1248180460812,-64.7125438389963,49.12524072234474,5812,SASJ,medium_airport,Gobernador Horacio Guzman International Airport,-24.392799,-65.097801,3019.0,SA,AR,AR-Y,San Salvador de Jujuy,yes,SASJ,JUJ,JUJ,,https://en.wikipedia.org/wiki/Gobernador_Horacio_Guzm%C3%A1n_International_Airport,
7671,75046,50.29892062959763,23.975432542394863,54.10511235979772,6481,UKLL,large_airport,Lviv International Airport,49.8125,23.9561,1071.0,EU,UA,UA-46,Lviv,yes,UKLL,LWO,,http://www.airport.lviv.ua/index.php?id=home&L=1,https://en.wikipedia.org/wiki/Lviv_International_Airport,"Міжнародний аеропорт ""Львів"""
19863,7255,39.9581950103779,67.21929581682149,35.006511621337225,26390,UTSS,medium_airport,Samarkand Airport,39.70050048828125,66.98380279541016,2224.0,AS,UZ,UZ-SA,Samarkand,yes,UTSS,SKD,,,https://en.wikipedia.org/wiki/Samarkand_Airport,
1035,23908,37.77479784209698,-92.05025958124584,8.76596114705344,3915,KTBN,medium_airport,Waynesville-St. Robert Regional Forney field,37.74160004,-92.14070129,1159.0,,US,US-MO,Fort Leonard Wood,yes,KTBN,TBN,TBN,,https://en.wikipedia.org/wiki/Waynesville_Regional_Airport_at_Forney_Field,
34640,60437,51.90868746782256,-113.64875741230443,29.441749313212203,959,CFK6,small_airport,Olds (Netook) Airport,51.84999847412109,-114.06700134277344,3330.0,,CA,CA-AB,Olds,no,CFK6,,CFK6,,https://en.wikipedia.org/wiki/Olds_(Netook)_Airport,FK6
63523,82021,52.8671285793678,173.26848825179331,6.203803668979563,339618,US-2905,closed,Alexai Point Army Airfield,52.81416,173.2975,,,US,US-AK,Attu Island,no,,,,,https://en.wikipedia.org/wiki/Alexai_Point_Army_Airfield,
56372,7231,-3.5587169186851404,33.972381573759066,52.338383193081,32297,HTSY,small_airport,Shinyanga Airport,-3.6093,33.5035,3800.0,AF,TZ,TZ-22,Shinyanga,yes,HTSY,SHY,,,https://en.wikipedia.org/wiki/Shinyanga_Airport,
6139,4738,19.31832413408528,103.2715725343675,18.87604574148165,32703,VLXK,small_airport,Xieng Khouang Airport,19.450001,103.157997,3445.0,AS,LA,LA-XI,Xieng Khouang,yes,VLXK,XKH,,,https://en.wikipedia.org/wiki/Xieng_Khouang_Airport,
